tf,side,regime,Bottom 20%,20-50%,50-70%,70-85%,85-95%,Top 5%
LT,L,Rising market,-1.9708648,-0.34667292,0.79609174,0.8289849,0.9218391,2.3543308
LT,L,Mixed market,-0.40906072,0.9939944,-0.20637025,-0.121660575,-1.0181965,-1.0860989
LT,L,Falling market (like today),1.4730302,0.9281221,0.2304937,-1.4427996,-3.286177,-1.4104478
LT,S,Rising market,-2.6422174,-0.26482865,0.96071994,1.1483632,1.3098468,2.14931
LT,S,Mixed market,-2.8572867,0.24540465,0.6596202,0.6467674,1.1128912,3.0080736
LT,S,Falling market (like today),-1.6059544,-0.04241047,0.15021461,0.85591304,0.82507247,1.7680515
MT,L,Rising market,-0.65258795,0.10670804,0.24470887,0.016192915,0.03937569,0.83047384
MT,L,Mixed market,0.06119349,0.059205398,-0.27464348,-0.22841306,0.07214195,1.0102443
MT,L,Falling market (like today),0.9745043,0.018569788,-0.33754933,-0.6116083,-0.22476377,-0.34659606
MT,S,Rising market,-1.0325618,-0.29388922,0.3465766,0.6182711,0.8399894,0.9327119
MT,S,Mixed market,-0.9266083,-0.014302476,0.019167293,0.4310572,0.78800505,0.8050601
MT,S,Falling market (like today),-1.3855555,-0.30199245,0.26193035,0.86088145,1.1541326,1.3525356
ST,L,Rising market,-0.289297,-0.07769929,0.07745537,0.18173069,0.20866676,0.3376884
ST,L,Mixed market,-0.26563358,-0.09486692,0.031611547,0.1940238,0.24512869,0.4174676
ST,L,Falling market (like today),-0.033093326,0.10058336,-0.027738122,-0.14471228,-0.03906008,0.14566936
ST,S,Rising market,-0.24645326,-0.05331588,0.08856609,0.065290615,0.15979134,0.4210212
ST,S,Mixed market,-0.16661194,-0.0086617,-0.0158117,0.07353888,0.11295585,0.3224967
ST,S,Falling market (like today),-0.3343964,-0.110564485,0.15778777,0.13301021,0.2924992,0.37120122
