tf,side,year,n_train,n_test,base_rate,auc,secs
ST,L,2020,41500,18364,0.19091701154432586,0.5066015323461033,21.8
ST,L,2021,59672,24555,0.19328039095907149,0.590655956121372,28.4
ST,L,2022,83823,25705,0.15537833106399535,0.5452860212431863,39.3
ST,L,2023,109323,29830,0.22688568555145827,0.6238784152719784,48.5
ST,L,2024,139277,34575,0.17888647866955892,0.5309727912096298,139.5
ST,L,2025,173715,36727,0.14997141067879216,0.5555166614897084,77.4
ST,L,2026,210347,26502,0.1521771941740246,0.5696032786258218,92.4
ST,S,2020,41533,18167,0.11537402983431497,0.5880713731670673,21.3
ST,S,2021,59511,24634,0.09158074206381424,0.5045070425994629,27.7
ST,S,2022,83740,25548,0.15097072177861282,0.5850499103017711,37.4
ST,S,2023,109085,29871,0.07980984901744166,0.6243767340412051,62.0
ST,S,2024,139073,34590,0.11717259323503904,0.6106243112178831,75.4
ST,S,2025,173560,36763,0.11949514457470826,0.5135387054178998,96.6
ST,S,2026,210197,26777,0.12731075176457407,0.6673921905976377,117.7
MT,L,2020,38436,18599,0.36754664229259637,0.44249225748617105,72.8
MT,L,2021,55981,24701,0.3316869762357799,0.5522789774471349,35.3
MT,L,2022,78739,25837,0.22479390022061385,0.5122156636650961,48.8
MT,L,2023,104366,29975,0.48817347789824855,0.5770684169851508,61.3
MT,L,2024,133080,34733,0.2731983992168831,0.5026453876766198,75.6
MT,L,2025,166951,36870,0.2237862761052346,0.529500500198257,94.8
MT,L,2026,203255,18838,0.2646777789574265,0.5732046698703236,120.4
MT,S,2020,38447,18471,0.14471333441611176,0.508865954372418,29.1
MT,S,2021,55859,24727,0.0847251991749909,0.5537558073515777,38.5
MT,S,2022,78649,25794,0.16976816313871443,0.6286260540178148,53.0
MT,S,2023,104237,29967,0.05926519171088197,0.6382875972173089,65.3
MT,S,2024,132946,34760,0.15952243958573073,0.6563842795406771,81.4
MT,S,2025,166850,36880,0.16415401301518437,0.6332917077044719,96.0
MT,S,2026,203153,18943,0.13941825476429287,0.8179135942742232,157.0
LT,L,2020,26679,18627,0.6235035164009234,0.5335742317810676,15.3
LT,L,2021,42099,24725,0.4351061678463094,0.5593656390791706,21.6
LT,L,2022,60436,25850,0.3667311411992263,0.5334705801236697,28.2
LT,L,2023,84788,30002,0.7534164389040731,0.5145781184840547,38.7
LT,L,2024,110808,34774,0.34508540863863807,0.48922287842861745,48.9
LT,L,2025,140643,26833,0.31137032758170907,0.5325283907905038,62.8
LT,S,2020,26703,18573,0.12367415064879125,0.6655056340383501,15.3
LT,S,2021,42120,24748,0.12388879909487635,0.5599523787260473,21.4
LT,S,2022,60401,25839,0.10464801269398971,0.6573489410624288,28.9
LT,S,2023,84778,29999,0.03550118337277909,0.6080351234848551,39.6
LT,S,2024,110787,34784,0.16889949402023918,0.6284554423528563,49.1
LT,S,2025,140619,26829,0.16564165641656417,0.6850858282165049,60.4
