model,tf,side,daily_ic,ic_t,years_positive,top5_excess,top15_excess,bottom20_excess
Absolute (used),LT,L,0.03057643126659114,6.000463859400379,4/6,0.9826203,0.2336668,-1.0997195
Absolute (used),LT,S,0.21222360839656645,28.217325541349403,6/6,2.3013344,1.569289,-2.5453181
Absolute (used),MT,L,0.02682982910225215,4.902622906736709,5/7,0.6715999,0.22891593,-0.19481361
Absolute (used),MT,S,0.1603287377581431,23.179527730470387,7/7,0.9735811,0.9125853,-1.0672024
Absolute (used),ST,L,0.036023723838888876,7.711344410958386,7/7,0.32574782,0.22648999,-0.2384375
Absolute (used),ST,S,0.0581416033078914,11.386862708864314,6/7,0.38582677,0.24337694,-0.24031286
Relative (cross-sectional),LT,L,-0.10097042333077134,-7.707044632820518,2/6,-0.023567215,-1.4266796,2.0179462
Relative (cross-sectional),LT,S,0.3576776859754936,30.584928238404565,6/6,1.5728228,1.522309,-3.2507558
Relative (cross-sectional),MT,L,-0.019572335701771318,-1.8251085665328826,4/7,-0.2256852,-0.43796483,0.41327363
Relative (cross-sectional),MT,S,0.2648333046221414,24.88862541387203,7/7,0.9787793,0.99621147,-1.5094887
Relative (cross-sectional),ST,L,0.10306174754224574,11.131633556927957,7/7,0.041088123,0.05593782,-0.11932322
Relative (cross-sectional),ST,S,0.14675566710495067,17.28622783517337,7/7,0.4388025,0.33623102,-0.42187026
Blend of both,LT,L,-0.04659678074571713,-5.364497419731388,2/6,0.20397425,-0.6727047,0.37380388
Blend of both,LT,S,0.3177032570866533,32.37976020305922,6/6,2.1763852,1.687828,-3.154997
Blend of both,MT,L,0.0026913019108685825,0.3185595232877948,5/7,0.07637954,-0.28158906,0.0054621706
Blend of both,MT,S,0.23727391720330257,26.536543136896128,7/7,1.3523959,1.1206971,-1.4904919
Blend of both,ST,L,0.08591604600154473,12.497578348192645,7/7,0.1146415,0.11360662,-0.24113345
Blend of both,ST,S,0.12023677250210751,17.144576825746995,7/7,0.43805832,0.3071573,-0.3773253
