tf,universe,trades,hit,stop,avg_net,share_of_proxy
ST,Proxy Nifty 500 of the day (incl. later failures),1130197,16.813528968843485,40.45993751531813,-0.17601243269955963,0.2816439056652391
ST,... of which still listed & in today's Nifty 500,703364,16.844763166724483,40.351368565920346,-0.03748255713836704,0.17527757025043
ST,... of which NOT in today's Nifty 500,426833,16.762059165997005,40.638844700386336,-0.40429123821418167,0.1063663354148091
ST,Today's Nifty 500 constituents (what the model sees),807509,17.192997229752237,40.13416568731742,-0.005514207485762646,0.20123039489560807
MT,Proxy Nifty 500 of the day (incl. later failures),1115988,27.567052692322857,47.498360197421476,1.5088946701339019,0.28116733062509514
MT,... of which still listed & in today's Nifty 500,691028,29.080587183153217,45.87903818658578,2.1813258330001473,0.1741008847292249
MT,... of which NOT in today's Nifty 500,424960,25.105892319277107,50.131541792168676,0.41545349540419535,0.10706644589587022
MT,Today's Nifty 500 constituents (what the model sees),790896,29.57999534704942,45.547834354959434,2.389557364148919,0.19926210418218226
LT,Proxy Nifty 500 of the day (incl. later failures),1023883,37.924255017418986,50.78422046268959,5.024490753877604,0.2878205391292321
LT,... of which still listed & in today's Nifty 500,620457,42.21871942777663,46.89333829741626,7.467059764579165,0.17441472145401962
LT,... of which NOT in today's Nifty 500,403426,31.31949849538701,56.76827968450225,1.2678934084589688,0.1134058176752125
LT,Today's Nifty 500 constituents (what the model sees),704152,42.73154091730195,46.68068826048921,7.932520296164028,0.19794196042802456
