symbol,company,industry,status,first,last,bars,note
360ONE,360 ONE WAM Ltd.,FINANCIAL SERVICES,ok,2019-09-19,2026-09-25,1739.0,
3MINDIA,3M India Ltd.,SERVICES,ok,2016-06-01,2026-09-25,2555.0,
AADHARHFC,Aadhar Housing Finance Ltd.,FINANCIAL SERVICES,ok,2024-05-15,2026-09-25,589.0,
AARTIIND,Aarti Industries Ltd.,CHEMICALS,ok,2016-06-01,2026-09-25,2555.0,demerger (Aarti Pharmalabs)
AAVAS,Aavas Financiers Ltd.,FINANCIAL SERVICES,ok,2018-10-08,2026-09-25,1972.0,
ABB,ABB India Ltd.,INDUSTRIAL MANUFACTURING,ok,2016-06-01,2026-09-25,2555.0,demerger (ABB Power Products)
ABBOTINDIA,Abbott India Ltd.,PHARMA,ok,2016-06-01,2026-09-25,2555.0,
ABCAPITAL,Aditya Birla Capital Ltd.,FINANCIAL SERVICES,ok,2017-09-01,2026-09-25,2244.0,
ABDL,Allied Blenders and Distillers Ltd.,CONSUMER GOODS,ok,2024-07-02,2026-09-25,556.0,
ABFRL,Aditya Birla Fashion and Retail Ltd.,CONSUMER GOODS,ok,2016-06-01,2026-09-25,2555.0,demerger (Aditya Birla Lifestyle Brands)
ABLBL,Aditya Birla Lifestyle Brands Ltd.,CONSUMER GOODS,ok,2025-06-23,2026-09-25,314.0,
ABREL,Aditya Birla Real Estate Ltd.,CONSTRUCTION,ok,2016-06-01,2026-09-25,2555.0,demerger (cement business to UltraTech)
ABSLAMC,Aditya Birla Sun Life AMC Ltd.,FINANCIAL SERVICES,ok,2021-10-11,2026-09-25,1230.0,
ACC,ACC Ltd.,CEMENT & CEMENT PRODUCTS,ok,2016-06-01,2026-09-25,2555.0,
ACE,Action Construction Equipment Ltd.,INDUSTRIAL MANUFACTURING,ok,2016-06-01,2026-09-25,2555.0,
ACMESOLAR,ACME Solar Holdings Ltd.,ENERGY,ok,2024-11-13,2026-09-25,463.0,
ACUTAAS,Acutaas Chemicals Ltd.,CHEMICALS,ok,2021-09-14,2026-09-25,1249.0,
ADANIENSOL,Adani Energy Solutions Ltd.,ENERGY,ok,2016-06-01,2026-09-25,2555.0,
ADANIENT,Adani Enterprises Ltd.,METALS,ok,2016-06-01,2026-09-25,2555.0,demerger (Adani Gas)
ADANIGREEN,Adani Green Energy Ltd.,ENERGY,ok,2018-06-18,2026-09-25,2047.0,
ADANIPORTS,Adani Ports and Special Economic Zone Ltd.,SERVICES,ok,2016-06-01,2026-09-25,2555.0,
ADANIPOWER,Adani Power Ltd.,ENERGY,ok,2016-06-01,2026-09-25,2555.0,
AEGISLOG,Aegis Logistics Ltd.,ENERGY,ok,2016-06-01,2026-09-25,2555.0,
AEGISVOPAK,Aegis Vopak Terminals Ltd.,ENERGY,ok,2025-06-02,2026-09-25,329.0,
AFCONS,Afcons Infrastructure Ltd.,CONSTRUCTION,ok,2024-11-04,2026-09-25,470.0,
AFFLE,Affle (India) Ltd.,IT,ok,2019-08-08,2026-09-25,1765.0,
AIAENG,AIA Engineering Ltd.,INDUSTRIAL MANUFACTURING,ok,2016-06-01,2026-09-25,2555.0,
AIIL,Authum Investment & Infrastructure Ltd.,FINANCIAL SERVICES,ok,2024-04-23,2026-09-25,604.0,
AJANTPHARM,Ajanta Pharmaceuticals Ltd.,PHARMA,ok,2016-06-01,2026-09-25,2555.0,
ALKEM,Alkem Laboratories Ltd.,PHARMA,ok,2016-06-01,2026-09-25,2555.0,
AMBER,Amber Enterprises India Ltd.,CONSUMER GOODS,ok,2018-01-30,2026-09-25,2141.0,
AMBUJACEM,Ambuja Cements Ltd.,CEMENT & CEMENT PRODUCTS,ok,2016-06-01,2026-09-25,2555.0,
ANANDRATHI,Anand Rathi Wealth Ltd.,FINANCIAL SERVICES,ok,2021-12-14,2026-09-25,1187.0,
ANANTRAJ,Anant Raj Ltd.,CONSTRUCTION,ok,2016-06-01,2026-09-25,2555.0,demerger
ANGELONE,Angel One Ltd.,FINANCIAL SERVICES,ok,2020-10-05,2026-09-25,1482.0,
ANTHEM,Anthem Biosciences Ltd.,PHARMA,ok,2025-07-21,2026-09-25,294.0,
ANURAS,Anupam Rasayan India Ltd.,CHEMICALS,ok,2021-03-24,2026-09-25,1365.0,
APARINDS,Apar Industries Ltd.,INDUSTRIAL MANUFACTURING,ok,2016-06-01,2026-09-25,2555.0,
APLAPOLLO,APL Apollo Tubes Ltd.,METALS,ok,2016-06-01,2026-09-25,2555.0,
APOLLOHOSP,Apollo Hospitals Enterprise Ltd.,HEALTHCARE SERVICES,ok,2016-06-01,2026-09-25,2555.0,
APOLLOTYRE,Apollo Tyres Ltd.,AUTOMOBILE,ok,2016-06-01,2026-09-25,2555.0,
APTUS,Aptus Value Housing Finance India Ltd.,FINANCIAL SERVICES,ok,2021-08-24,2026-09-25,1263.0,
ARE&M,Amara Raja Energy & Mobility Ltd.,AUTOMOBILE,ok,2016-06-01,2026-09-25,2555.0,
ASAHIINDIA,Asahi India Glass Ltd.,AUTOMOBILE,ok,2016-06-01,2026-09-25,2555.0,
ASHOKLEY,Ashok Leyland Ltd.,AUTOMOBILE,ok,2016-06-01,2026-09-25,2555.0,
ASIANPAINT,Asian Paints Ltd.,CONSUMER GOODS,ok,2016-06-01,2026-09-25,2555.0,
ASTERDM,Aster DM Healthcare Ltd.,HEALTHCARE SERVICES,ok,2018-02-26,2026-09-25,2123.0,special dividend Rs 118
ASTRAL,Astral Poly Technik Ltd.,INDUSTRIAL MANUFACTURING,ok,2016-06-01,2026-09-25,2555.0,
ATGL,Adani Total Gas Ltd.,ENERGY,ok,2018-11-05,2026-09-25,1953.0,
ATHERENERG,Ather Energy Ltd.,AUTOMOBILE,ok,2025-05-06,2026-09-25,348.0,
ATUL,Atul Ltd.,CHEMICALS,ok,2016-06-01,2026-09-25,2555.0,
AUBANK,AU Small Finance Bank Ltd.,FINANCIAL SERVICES,ok,2017-07-10,2026-09-25,2281.0,
AUROPHARMA,Aurobindo Pharma Ltd.,PHARMA,ok,2016-06-01,2026-09-25,2555.0,
AWL,AWL Agri Business Ltd.,CONSUMER GOODS,ok,2022-02-08,2026-09-25,1148.0,
AXISBANK,Axis Bank Ltd.,FINANCIAL SERVICES,ok,2016-06-01,2026-09-25,2555.0,
BAJAJ-AUTO,Bajaj Auto Ltd.,AUTOMOBILE,ok,2016-06-01,2026-09-25,2555.0,
BAJAJFINSV,Bajaj Finserv Ltd.,FINANCIAL SERVICES,ok,2016-06-01,2026-09-25,2555.0,
BAJAJHFL,Bajaj Housing Finance Ltd.,FINANCIAL SERVICES,ok,2024-09-16,2026-09-25,504.0,
BAJAJHLDNG,Bajaj Holdings & Investment Ltd.,FINANCIAL SERVICES,ok,2016-06-01,2026-09-25,2555.0,
BAJFINANCE,Bajaj Finance Ltd.,FINANCIAL SERVICES,ok,2016-06-01,2026-09-25,2555.0,
BALKRISIND,Balkrishna Industries Ltd.,AUTOMOBILE,ok,2016-06-01,2026-09-25,2555.0,
BALRAMCHIN,Balrampur Chini Mills Ltd.,CONSUMER GOODS,ok,2016-06-01,2026-09-25,2555.0,
BANDHANBNK,Bandhan Bank Ltd.,FINANCIAL SERVICES,ok,2018-03-27,2026-09-25,2103.0,
BANKBARODA,Bank of Baroda,FINANCIAL SERVICES,ok,2016-06-01,2026-09-25,2555.0,
BANKINDIA,Bank of India,FINANCIAL SERVICES,ok,2016-06-01,2026-09-25,2555.0,
BATAINDIA,Bata India Ltd.,CONSUMER GOODS,ok,2016-06-01,2026-09-25,2555.0,
BAYERCROP,Bayer Cropscience Ltd.,FERTILISERS & PESTICIDES,ok,2016-06-01,2026-09-25,2555.0,
BBTC,Bombay Burmah Trading Corporation Ltd.,CONSUMER GOODS,ok,2016-06-01,2026-09-25,2555.0,
BDL,Bharat Dynamics Ltd.,INDUSTRIAL MANUFACTURING,ok,2018-03-23,2026-09-25,2105.0,
BEL,Bharat Electronics Ltd.,INDUSTRIAL MANUFACTURING,ok,2016-06-01,2026-09-25,2555.0,
BELRISE,Belrise Industries Ltd.,AUTOMOBILE,ok,2025-05-28,2026-09-25,332.0,
BEML,BEML Ltd.,INDUSTRIAL MANUFACTURING,ok,2016-06-01,2026-09-25,2555.0,demerger (BEML Land Assets)
BERGEPAINT,Berger Paints India Ltd.,CONSUMER GOODS,ok,2016-06-01,2026-09-25,2555.0,
BHARATFORG,Bharat Forge Ltd.,INDUSTRIAL MANUFACTURING,ok,2016-06-01,2026-09-25,2555.0,
BHARTIARTL,Bharti Airtel Ltd.,TELECOM,ok,2016-06-01,2026-09-25,2555.0,
BHARTIHEXA,Bharti Hexacom Ltd.,TELECOM,ok,2024-04-12,2026-09-25,610.0,
BHEL,Bharat Heavy Electricals Ltd.,INDUSTRIAL MANUFACTURING,ok,2016-06-01,2026-09-25,2555.0,
BIKAJI,Bikaji Foods International Ltd.,CONSUMER GOODS,ok,2022-11-16,2026-09-25,959.0,
BIOCON,Biocon Ltd.,PHARMA,ok,2016-06-01,2026-09-25,2555.0,
BLS,BLS International Services Ltd.,SERVICES,ok,2016-06-15,2026-09-25,2545.0,
BLUEDART,Blue Dart Express Ltd.,SERVICES,ok,2016-06-01,2026-09-25,2555.0,
BLUEJET,Blue Jet Healthcare Ltd.,PHARMA,ok,2023-11-01,2026-09-25,721.0,
BLUESTARCO,Blue Star Ltd.,CONSUMER GOODS,ok,2016-06-01,2026-09-25,2555.0,
BOSCHLTD,Bosch Ltd.,AUTOMOBILE,ok,2016-06-01,2026-09-25,2555.0,
BPCL,Bharat Petroleum Corporation Ltd.,ENERGY,ok,2016-06-01,2026-09-25,2555.0,special dividend
BRIGADE,Brigade Enterprises Ltd.,CONSTRUCTION,ok,2016-06-01,2026-09-25,2555.0,
BRITANNIA,Britannia Industries Ltd.,CONSUMER GOODS,ok,2016-06-01,2026-09-25,2555.0,
BSE,BSE Ltd.,FINANCIAL SERVICES,ok,2017-02-03,2026-09-25,2386.0,
BSOFT,Birlasoft Ltd.,IT,ok,2016-06-01,2026-09-25,2555.0,demerger (KPIT engineering business)
CAMS,Computer Age Management Services Ltd.,FINANCIAL SERVICES,ok,2020-10-05,2026-09-25,1482.0,
CANBK,Canara Bank,FINANCIAL SERVICES,ok,2016-06-01,2026-09-25,2555.0,
CANFINHOME,Can Fin Homes Ltd.,FINANCIAL SERVICES,ok,2016-06-01,2026-09-25,2555.0,
CANHLIFE,Canara HSBC Life Insurance Company Ltd.,FINANCIAL SERVICES,ok,2025-10-17,2026-09-25,233.0,
CAPLIPOINT,Caplin Point Laboratories Ltd.,PHARMA,ok,2016-06-01,2026-09-25,2555.0,
CARBORUNIV,Carborundum Universal Ltd.,INDUSTRIAL MANUFACTURING,ok,2016-06-01,2026-09-25,2555.0,
CARTRADE,CarTrade Tech Ltd.,SERVICES,ok,2021-08-20,2026-09-25,1265.0,
CASTROLIND,Castrol India Ltd.,ENERGY,ok,2016-06-01,2026-09-25,2555.0,
CCL,CCL Products (I) Ltd.,CONSUMER GOODS,ok,2016-06-01,2026-09-25,2555.0,
CDSL,Central Depository Services (India) Ltd.,FINANCIAL SERVICES,ok,2017-06-30,2026-09-25,2287.0,
CEATLTD,Ceat Ltd.,AUTOMOBILE,ok,2016-06-01,2026-09-25,2555.0,
CEMPRO,Cemindia Projects Ltd.,CONSTRUCTION,ok,2016-06-01,2026-09-25,2555.0,
CENTRALBK,Central Bank of India,FINANCIAL SERVICES,ok,2016-06-01,2026-09-25,2555.0,
CESC,CESC Ltd.,ENERGY,ok,2016-06-01,2026-09-25,2555.0,demerger (CESC Ventures / Spencer's)
CGCL,Capri Global Capital Ltd.,FINANCIAL SERVICES,ok,2016-06-01,2026-09-25,2555.0,
CGPOWER,CG Power and Industrial Solutions Ltd.,INDUSTRIAL MANUFACTURING,ok,2016-06-01,2026-09-25,2555.0,
CHALET,Chalet Hotels Ltd.,SERVICES,ok,2019-02-07,2026-09-25,1888.0,
CHAMBLFERT,Chambal Fertilizers & Chemicals Ltd.,FERTILISERS & PESTICIDES,ok,2016-06-01,2026-09-25,2555.0,
CHENNPETRO,Chennai Petroleum Corporation Ltd.,ENERGY,ok,2016-06-01,2026-09-25,2555.0,
CHOICEIN,Choice International Ltd.,FINANCIAL SERVICES,ok,2022-04-08,2026-09-25,1107.0,
CHOLAFIN,Cholamandalam Investment and Finance Company Ltd.,FINANCIAL SERVICES,ok,2016-06-01,2026-09-25,2555.0,
CHOLAHLDNG,Cholamandalam Financial Holdings Ltd.,FINANCIAL SERVICES,ok,2017-09-25,2026-09-25,2228.0,
CIEINDIA,CIE Automotive India Ltd.,AUTOMOBILE,ok,2016-06-01,2026-09-25,2555.0,
CIPLA,Cipla Ltd.,PHARMA,ok,2016-06-01,2026-09-25,2555.0,
CLEAN,Clean Science and Technology Ltd.,CHEMICALS,ok,2021-07-19,2026-09-25,1287.0,
COALINDIA,Coal India Ltd.,METALS,ok,2016-06-01,2026-09-25,2555.0,
COCHINSHIP,Cochin Shipyard Ltd.,INDUSTRIAL MANUFACTURING,ok,2017-08-11,2026-09-25,2257.0,
COFORGE,Coforge Ltd.,IT,ok,2016-06-01,2026-09-25,2555.0,
COHANCE,Cohance Lifesciences Ltd.,PHARMA,ok,2020-03-09,2026-09-25,1624.0,
COLPAL,Colgate Palmolive (India) Ltd.,CONSUMER GOODS,ok,2016-06-01,2026-09-25,2555.0,
CONCOR,Container Corporation of India Ltd.,SERVICES,ok,2016-06-01,2026-09-25,2555.0,
CONCORDBIO,Concord Biotech Ltd.,PHARMA,ok,2023-08-18,2026-09-25,771.0,
COROMANDEL,Coromandel International Ltd.,FERTILISERS & PESTICIDES,ok,2016-06-01,2026-09-25,2555.0,
CPPLUS,Aditya Infotech Ltd. (CP Plus),CONSUMER GOODS,ok,2025-08-05,2026-09-25,283.0,
CRAFTSMAN,Craftsman Automation Ltd.,AUTOMOBILE,ok,2021-03-25,2026-09-25,1364.0,
CREDITACC,CreditAccess Grameen Ltd.,FINANCIAL SERVICES,ok,2018-08-23,2026-09-25,2001.0,
CRISIL,CRISIL Ltd.,FINANCIAL SERVICES,ok,2016-06-01,2026-09-25,2555.0,
CROMPTON,Crompton Greaves Consumer Electricals Ltd.,CONSUMER GOODS,ok,2016-06-01,2026-09-25,2555.0,
CUB,City Union Bank Ltd.,FINANCIAL SERVICES,ok,2016-06-01,2026-09-25,2555.0,
CUMMINSIND,Cummins India Ltd.,INDUSTRIAL MANUFACTURING,ok,2016-06-01,2026-09-25,2555.0,
CYIENT,Cyient Ltd.,IT,ok,2016-06-01,2026-09-25,2555.0,
DABUR,Dabur India Ltd.,CONSUMER GOODS,ok,2016-06-01,2026-09-25,2555.0,
DALBHARAT,Dalmia Bharat Ltd.,CEMENT & CEMENT PRODUCTS,ok,2019-01-22,2026-09-25,1900.0,
DATAPATTNS,Data Patterns (India) Ltd.,INDUSTRIAL MANUFACTURING,ok,2021-12-24,2026-09-25,1179.0,
DCMSHRIRAM,DCM Shriram Ltd.,CONSUMER GOODS,ok,2016-06-01,2026-09-25,2555.0,
DEEPAKFERT,Deepak Fertilisers and Petrochemicals Corp. Ltd.,CHEMICALS,ok,2016-06-01,2026-09-25,2555.0,
DEEPAKNTR,Deepak Nitrite Ltd.,CHEMICALS,ok,2016-06-01,2026-09-25,2555.0,
DELHIVERY,Delhivery Ltd.,SERVICES,ok,2022-05-24,2026-09-25,1079.0,
DEVYANI,Devyani International Ltd.,CONSUMER GOODS,ok,2021-08-16,2026-09-25,1268.0,
DIVISLAB,Divi's Laboratories Ltd.,PHARMA,ok,2016-06-01,2026-09-25,2555.0,
DIXON,Dixon Technologies (India) Ltd.,CONSUMER GOODS,ok,2017-09-18,2026-09-25,2233.0,
DLF,DLF Ltd.,CONSTRUCTION,ok,2016-06-01,2026-09-25,2555.0,
DMART,Avenue Supermarts Ltd.,CONSUMER GOODS,ok,2017-03-21,2026-09-25,2356.0,
DOMS,DOMS Industries Ltd.,CONSUMER GOODS,ok,2023-12-20,2026-09-25,687.0,
DRREDDY,Dr. Reddy's Laboratories Ltd.,PHARMA,ok,2016-06-01,2026-09-25,2555.0,
ECLERX,eClerx Services Ltd.,IT,ok,2016-06-01,2026-09-25,2555.0,
EICHERMOT,Eicher Motors Ltd.,AUTOMOBILE,ok,2016-06-01,2026-09-25,2555.0,
EIDPARRY,E.I.D. Parry (India) Ltd.,FERTILISERS & PESTICIDES,ok,2016-06-01,2026-09-25,2555.0,
EIHOTEL,EIH Ltd.,SERVICES,ok,2016-06-01,2026-09-25,2555.0,
ELECON,Elecon Engineering Company Ltd.,INDUSTRIAL MANUFACTURING,ok,2016-06-01,2026-09-25,2555.0,
ELGIEQUIP,Elgi Equipments Ltd.,INDUSTRIAL MANUFACTURING,ok,2016-06-01,2026-09-25,2555.0,
EMAMILTD,Emami Ltd.,CONSUMER GOODS,ok,2016-06-01,2026-09-25,2555.0,
EMCURE,Emcure Pharmaceuticals Ltd.,PHARMA,ok,2024-07-10,2026-09-25,550.0,
EMMVEE,Emmvee Photovoltaic Power Ltd.,ENERGY,ok,2025-11-18,2026-09-25,213.0,
ENDURANCE,Endurance Technologies Ltd.,AUTOMOBILE,ok,2016-10-19,2026-09-25,2461.0,
ENGINERSIN,Engineers India Ltd.,CONSTRUCTION,ok,2016-06-01,2026-09-25,2555.0,
ENRIN,Siemens Energy India Ltd.,INDUSTRIAL MANUFACTURING,ok,2025-06-19,2026-09-25,316.0,
ERIS,Eris Lifesciences Ltd.,PHARMA,ok,2017-06-29,2026-09-25,2288.0,
ESCORTS,Escorts Ltd.,AUTOMOBILE,ok,2016-06-01,2026-09-25,2555.0,
ETERNAL,Eternal Ltd. (Zomato),SERVICES,ok,2021-07-23,2026-09-25,1284.0,
EXIDEIND,Exide Industries Ltd.,AUTOMOBILE,ok,2016-06-01,2026-09-25,2555.0,
FACT,Fertilisers and Chemicals Travancore Ltd.,FERTILISERS & PESTICIDES,ok,2016-06-01,2026-09-25,2555.0,
FEDERALBNK,Federal Bank Ltd.,FINANCIAL SERVICES,ok,2016-06-01,2026-09-25,2555.0,
FINCABLES,Finolex Cables Ltd.,INDUSTRIAL MANUFACTURING,ok,2016-06-01,2026-09-25,2555.0,
FIRSTCRY,Brainbees Solutions Ltd. (FirstCry),SERVICES,ok,2024-08-13,2026-09-25,527.0,
FIVESTAR,Five-Star Business Finance Ltd.,FINANCIAL SERVICES,ok,2022-11-21,2026-09-25,956.0,
FLUOROCHEM,Gujarat Fluorochemicals Ltd.,CHEMICALS,ok,2019-10-16,2026-09-25,1722.0,
FORCEMOT,Force Motors Ltd.,AUTOMOBILE,ok,2019-08-19,2026-09-25,1684.0,
FORTIS,Fortis Healthcare Ltd.,HEALTHCARE SERVICES,ok,2016-06-01,2026-09-25,2555.0,
FSL,Firstsource Solutions Ltd.,IT,ok,2016-06-01,2026-09-25,2555.0,
GABRIEL,Gabriel India Ltd.,AUTOMOBILE,ok,2016-06-01,2026-09-25,2555.0,
GAIL,GAIL (India) Ltd.,ENERGY,ok,2016-06-01,2026-09-25,2555.0,
GALLANTT,Gallantt Ispat Ltd.,METALS,ok,2016-06-01,2026-09-25,2459.0,
GESHIP,Great Eastern Shipping Co. Ltd.,SERVICES,ok,2016-06-01,2026-09-25,2555.0,
GICRE,General Insurance Corporation of India,FINANCIAL SERVICES,ok,2017-10-25,2026-09-25,2208.0,
GILLETTE,Gillette India Ltd.,CONSUMER GOODS,ok,2016-06-01,2026-09-25,2555.0,
GLAND,Gland Pharma Ltd.,PHARMA,ok,2020-11-20,2026-09-25,1449.0,
GLAXO,Glaxosmithkline Pharmaceuticals Ltd.,PHARMA,ok,2016-06-01,2026-09-25,2555.0,
GLENMARK,Glenmark Pharmaceuticals Ltd.,PHARMA,ok,2016-06-01,2026-09-25,2555.0,
GMDCLTD,Gujarat Mineral Development Corporation Ltd.,METALS,ok,2016-06-01,2026-09-25,2555.0,
GMRAIRPORT,GMR Airports Ltd.,SERVICES,ok,2016-06-01,2026-09-25,2555.0,demerger (GMR Power & Urban Infra)
GODFRYPHLP,Godfrey Phillips India Ltd.,CONSUMER GOODS,ok,2016-06-01,2026-09-25,2555.0,
GODIGIT,Go Digit General Insurance Ltd.,FINANCIAL SERVICES,ok,2024-05-23,2026-09-25,583.0,
GODREJCP,Godrej Consumer Products Ltd.,CONSUMER GOODS,ok,2016-06-01,2026-09-25,2555.0,
GODREJIND,Godrej Industries Ltd.,CONSUMER GOODS,ok,2016-06-01,2026-09-25,2555.0,
GODREJPROP,Godrej Properties Ltd.,CONSTRUCTION,ok,2016-06-01,2026-09-25,2555.0,
GPIL,Godawari Power and Ispat Ltd.,METALS,ok,2016-06-01,2026-09-25,2555.0,
GRANULES,Granules India Ltd.,PHARMA,ok,2016-06-01,2026-09-25,2555.0,
GRAPHITE,Graphite India Ltd.,INDUSTRIAL MANUFACTURING,ok,2016-06-01,2026-09-25,2555.0,
GRASIM,Grasim Industries Ltd.,CEMENT & CEMENT PRODUCTS,ok,2016-06-01,2026-09-25,2555.0,
GRAVITA,Gravita India Ltd.,METALS,ok,2016-06-01,2026-09-25,2555.0,
GROWW,Billionbrains Garage Ventures Ltd. (Groww),FINANCIAL SERVICES,ok,2025-11-12,2026-09-25,217.0,
GRSE,Garden Reach Shipbuilders & Engineers Ltd.,INDUSTRIAL MANUFACTURING,ok,2018-10-10,2026-09-25,1970.0,
GVT&D,GE Vernova T&D India Ltd.,INDUSTRIAL MANUFACTURING,ok,2016-06-01,2026-09-25,2555.0,
HAL,Hindustan Aeronautics Ltd.,INDUSTRIAL MANUFACTURING,ok,2018-03-28,2026-09-25,2102.0,
HAVELLS,Havells India Ltd.,CONSUMER GOODS,ok,2016-06-01,2026-09-25,2555.0,
HBLENGINE,HBL Engineering Ltd.,INDUSTRIAL MANUFACTURING,ok,2016-06-01,2026-09-25,2555.0,
HCLTECH,HCL Technologies Ltd.,IT,ok,2016-06-01,2026-09-25,2555.0,
HDBFS,HDB Financial Services Ltd.,FINANCIAL SERVICES,ok,2025-07-02,2026-09-25,307.0,
HDFCAMC,HDFC Asset Management Company Ltd.,FINANCIAL SERVICES,ok,2018-08-06,2026-09-25,2012.0,
HDFCBANK,HDFC Bank Ltd.,FINANCIAL SERVICES,ok,2016-06-01,2026-09-25,2555.0,
HDFCLIFE,HDFC Life Insurance Company Ltd.,FINANCIAL SERVICES,ok,2017-11-17,2026-09-25,2191.0,
HEG,H.E.G. Ltd.,INDUSTRIAL MANUFACTURING,dropped,,,,no trades after 21-Sep-2026; the same price history continues as HEGAM
HEGAM,HEGAM (new listing),INDUSTRIAL MANUFACTURING,ok,2016-06-01,2026-09-25,2555.0,scheme of arrangement (HEG)
HEROMOTOCO,Hero MotoCorp Ltd.,AUTOMOBILE,ok,2016-06-01,2026-09-25,2555.0,
HEXT,Hexaware Technologies Ltd.,IT,ok,2025-02-19,2026-09-25,395.0,
HFCL,HFCL Ltd.,TELECOM,ok,2016-06-01,2026-09-25,2555.0,
HINDALCO,Hindalco Industries Ltd.,METALS,ok,2016-06-01,2026-09-25,2555.0,
HINDCOPPER,Hindustan Copper Ltd.,METALS,ok,2016-06-01,2026-09-25,2555.0,
HINDPETRO,Hindustan Petroleum Corporation Ltd.,ENERGY,ok,2016-06-01,2026-09-25,2555.0,
HINDUNILVR,Hindustan Unilever Ltd.,CONSUMER GOODS,ok,2016-06-01,2026-09-25,2555.0,
HINDZINC,Hindustan Zinc Ltd.,METALS,ok,2016-06-01,2026-09-25,2555.0,large interim dividend
HOMEFIRST,Home First Finance Company India Ltd.,FINANCIAL SERVICES,ok,2021-02-03,2026-09-25,1399.0,
HONASA,Honasa Consumer Ltd.,CONSUMER GOODS,ok,2023-11-07,2026-09-25,717.0,
HONAUT,Honeywell Automation India Ltd.,INDUSTRIAL MANUFACTURING,ok,2016-06-01,2026-09-25,2555.0,
HSCL,Himadri Speciality Chemical Ltd.,CHEMICALS,ok,2016-06-01,2026-09-25,2555.0,
HUDCO,Housing & Urban Development Corporation Ltd.,FINANCIAL SERVICES,ok,2017-05-19,2026-09-25,2316.0,
HYUNDAI,Hyundai Motor India Ltd.,AUTOMOBILE,ok,2024-10-22,2026-09-25,479.0,
ICICIAMC,ICICI Prudential Asset Management Company Ltd.,FINANCIAL SERVICES,ok,2025-12-19,2026-09-25,190.0,
ICICIBANK,ICICI Bank Ltd.,FINANCIAL SERVICES,ok,2016-06-01,2026-09-25,2555.0,
ICICIGI,ICICI Lombard General Insurance Company Ltd.,FINANCIAL SERVICES,ok,2017-09-27,2026-09-25,2226.0,
ICICIPRULI,ICICI Prudential Life Insurance Company Ltd.,FINANCIAL SERVICES,ok,2016-09-29,2026-09-25,2473.0,
IDBI,IDBI Bank Ltd.,FINANCIAL SERVICES,ok,2016-06-01,2026-09-25,2555.0,
IDEA,Vodafone Idea Ltd.,TELECOM,ok,2016-06-01,2026-09-25,2555.0,rights issue 87:38 at Rs 12.50 (theoretical ex-rights price)
IDFCFIRSTB,IDFC First Bank Ltd.,FINANCIAL SERVICES,ok,2016-06-01,2026-09-25,2555.0,
IEX,Indian Energy Exchange Ltd.,FINANCIAL SERVICES,ok,2017-10-23,2026-09-25,2210.0,
IFCI,IFCI Ltd.,FINANCIAL SERVICES,ok,2016-06-01,2026-09-25,2555.0,
IGIL,International Gemmological Institute (India) Ltd.,SERVICES,ok,2024-12-20,2026-09-25,438.0,
IGL,Indraprastha Gas Ltd.,ENERGY,ok,2016-06-01,2026-09-25,2555.0,
IIFL,IIFL Finance Ltd.,FINANCIAL SERVICES,ok,2016-06-01,2026-09-25,2555.0,"demerger (IIFL Securities, IIFL Wealth)"
IKS,Inventurus Knowledge Solutions Ltd.,HEALTHCARE SERVICES,ok,2024-12-19,2026-09-25,439.0,
INDGN,Indegene Ltd.,HEALTHCARE SERVICES,ok,2024-05-13,2026-09-25,591.0,
INDHOTEL,Indian Hotels Co. Ltd.,SERVICES,ok,2016-06-01,2026-09-25,2555.0,
INDIACEM,India Cements Ltd.,CEMENT & CEMENT PRODUCTS,ok,2016-06-01,2026-09-25,2555.0,
INDIAMART,Indiamart Intermesh Ltd.,CONSUMER GOODS,ok,2019-07-04,2026-09-25,1790.0,
INDIANB,Indian Bank,FINANCIAL SERVICES,ok,2016-06-01,2026-09-25,2555.0,
INDIGO,InterGlobe Aviation Ltd.,SERVICES,ok,2016-06-01,2026-09-25,2555.0,
INDUSINDBK,IndusInd Bank Ltd.,FINANCIAL SERVICES,ok,2016-06-01,2026-09-25,2555.0,
INDUSTOWER,Indus Towers Ltd.,TELECOM,ok,2016-06-01,2026-09-25,2555.0,
INFY,Infosys Ltd.,IT,ok,2016-06-01,2026-09-25,2555.0,
INOXWIND,Inox Wind Ltd.,INDUSTRIAL MANUFACTURING,ok,2016-06-01,2026-09-25,2555.0,
INTELLECT,Intellect Design Arena Ltd.,IT,ok,2016-06-01,2026-09-25,2555.0,
IOB,Indian Overseas Bank,FINANCIAL SERVICES,ok,2016-06-01,2026-09-25,2555.0,
IOC,Indian Oil Corporation Ltd.,ENERGY,ok,2016-06-01,2026-09-25,2555.0,
IPCALAB,Ipca Laboratories Ltd.,PHARMA,ok,2016-06-01,2026-09-25,2555.0,
IRB,IRB Infrastructure Developers Ltd.,CONSTRUCTION,ok,2016-06-01,2026-09-25,2555.0,
IRCON,IRCON International Ltd.,CONSTRUCTION,ok,2018-09-28,2026-09-25,1977.0,
IRCTC,Indian Railway Catering and Tourism Corp. Ltd.,SERVICES,ok,2019-10-14,2026-09-25,1724.0,
IREDA,Indian Renewable Energy Development Agency Ltd.,FINANCIAL SERVICES,ok,2023-11-29,2026-09-25,702.0,
IRFC,Indian Railway Finance Corp. Ltd.,FINANCIAL SERVICES,ok,2021-01-29,2026-09-25,1402.0,
ITC,ITC Ltd.,CONSUMER GOODS,ok,2016-06-01,2026-09-25,2555.0,demerger (ITC Hotels)
ITCHOTELS,ITC Hotels Ltd.,SERVICES,ok,2025-01-29,2026-09-25,411.0,
ITI,ITI Ltd.,TELECOM,ok,2016-06-01,2026-09-25,2555.0,
J&KBANK,Jammu & Kashmir Bank Ltd.,FINANCIAL SERVICES,ok,2016-06-01,2026-09-25,2555.0,
JAINREC,Jain Resource Recycling Ltd.,METALS,ok,2025-10-01,2026-09-25,244.0,
JBMA,JBM Auto Ltd.,AUTOMOBILE,ok,2016-06-01,2026-09-25,2555.0,
JINDALSAW,Jindal Saw Ltd.,METALS,ok,2016-06-01,2026-09-25,2555.0,
JINDALSTEL,Jindal Steel & Power Ltd.,METALS,ok,2016-06-01,2026-09-25,2555.0,
JIOFIN,Jio Financial Services Ltd.,FINANCIAL SERVICES,ok,2023-08-21,2026-09-25,770.0,
JKCEMENT,J.K. Cement Ltd.,CEMENT & CEMENT PRODUCTS,ok,2016-06-01,2026-09-25,2555.0,
JKTYRE,JK Tyre & Industries Ltd.,AUTOMOBILE,ok,2016-06-01,2026-09-25,2555.0,
JMFINANCIL,JM Financial Ltd.,FINANCIAL SERVICES,ok,2016-06-01,2026-09-25,2555.0,
JPPOWER,Jaiprakash Power Ventures Ltd.,ENERGY,ok,2016-06-01,2026-09-25,2555.0,
JSL,Jindal Stainless Ltd.,METALS,ok,2016-06-01,2026-09-25,2555.0,
JSWCEMENT,JSW Cement Ltd.,CEMENT & CEMENT PRODUCTS,ok,2025-08-14,2026-09-25,276.0,
JSWDULUX,JSW Dulux Ltd.,CONSUMER GOODS,ok,2016-06-01,2026-09-25,2555.0,
JSWENERGY,JSW Energy Ltd.,ENERGY,ok,2016-06-01,2026-09-25,2555.0,
JSWINFRA,JSW Infrastructure Ltd.,SERVICES,ok,2023-10-03,2026-09-25,741.0,
JSWSTEEL,JSW Steel Ltd.,METALS,ok,2016-06-01,2026-09-25,2555.0,
JUBLFOOD,Jubilant Foodworks Ltd.,CONSUMER GOODS,ok,2016-06-01,2026-09-25,2555.0,
JUBLINGREA,Jubilant Ingrevia Ltd.,CHEMICALS,ok,2021-03-19,2026-09-25,1368.0,
JUBLPHARMA,Jubilant Pharmova Ltd.,PHARMA,ok,2016-06-01,2026-09-25,2555.0,demerger (Jubilant Ingrevia)
JWL,Jupiter Wagons Ltd.,INDUSTRIAL MANUFACTURING,ok,2016-06-01,2026-09-25,2555.0,
JYOTICNC,Jyoti CNC Automation Ltd.,INDUSTRIAL MANUFACTURING,ok,2024-01-16,2026-09-25,669.0,
KAJARIACER,Kajaria Ceramics Ltd.,CONSTRUCTION,ok,2016-06-01,2026-09-25,2555.0,
KALYANKJIL,Kalyan Jewellers India Ltd.,CONSUMER GOODS,ok,2021-03-26,2026-09-25,1363.0,
KARURVYSYA,Karur Vysya Bank Ltd.,FINANCIAL SERVICES,ok,2016-06-01,2026-09-25,2555.0,
KAYNES,Kaynes Technology India Ltd.,INDUSTRIAL MANUFACTURING,ok,2022-11-22,2026-09-25,955.0,
KEC,Kec International Ltd.,CONSTRUCTION,ok,2016-06-01,2026-09-25,2555.0,
KEI,KEI Industries Ltd.,INDUSTRIAL MANUFACTURING,ok,2016-06-01,2026-09-25,2555.0,
KFINTECH,KFin Technologies Ltd.,FINANCIAL SERVICES,ok,2022-12-29,2026-09-25,928.0,
KIMS,Krishna Institute of Medical Sciences Ltd.,HEALTHCARE SERVICES,ok,2021-06-28,2026-09-25,1302.0,
KIRLOSENG,Kirloskar Oil Eng Ltd.,INDUSTRIAL MANUFACTURING,ok,2016-06-01,2026-09-25,2555.0,
KOTAKBANK,Kotak Mahindra Bank Ltd.,FINANCIAL SERVICES,ok,2016-06-01,2026-09-25,2555.0,
KPIL,Kalpataru Projects International Ltd.,CONSTRUCTION,ok,2016-06-01,2026-09-25,2555.0,
KPITTECH,KPIT Technologies Ltd.,IT,ok,2019-04-22,2026-09-25,1840.0,
KPRMILL,K.P.R. Mill Ltd.,TEXTILES,ok,2016-06-01,2026-09-25,2555.0,
LALPATHLAB,Dr. Lal Path Labs Ltd.,HEALTHCARE SERVICES,ok,2016-06-01,2026-09-25,2555.0,
LATENTVIEW,Latent View Analytics Ltd.,IT,ok,2021-11-23,2026-09-25,1202.0,
LAURUSLABS,Laurus Labs Ltd.,PHARMA,ok,2016-12-19,2026-09-25,2419.0,
LEMONTREE,Lemon Tree Hotels Ltd.,SERVICES,ok,2018-04-09,2026-09-25,2096.0,
LENSKART,Lenskart Solutions Ltd.,CONSUMER GOODS,ok,2025-11-10,2026-09-25,219.0,
LGEINDIA,LG Electronics India Ltd.,CONSUMER GOODS,ok,2025-10-14,2026-09-25,236.0,
LICHSGFIN,LIC Housing Finance Ltd.,FINANCIAL SERVICES,ok,2016-06-01,2026-09-25,2555.0,
LICI,Life Insurance Corporation of India,FINANCIAL SERVICES,ok,2022-05-17,2026-09-25,1084.0,
LINDEINDIA,Linde India Ltd.,CHEMICALS,ok,2016-06-01,2026-09-25,2555.0,
LLOYDSME,Lloyds Metals and Energy Ltd.,METALS,ok,2023-07-17,2026-09-25,794.0,
LODHA,Lodha Developers Ltd.,CONSTRUCTION,ok,2021-04-19,2026-09-25,1350.0,
LT,Larsen & Toubro Ltd.,CONSTRUCTION,ok,2016-06-01,2026-09-25,2555.0,
LTF,L&T Finance Ltd.,FINANCIAL SERVICES,ok,2016-06-01,2026-09-25,2555.0,
LTFOODS,LT Foods Ltd.,CONSUMER GOODS,ok,2016-06-01,2026-09-25,2555.0,
LTM,LTM Ltd. (formerly LTIMindtree),IT,ok,2016-07-21,2026-09-25,2520.0,
LTTS,L&T Technology Services Ltd.,IT,ok,2016-09-23,2026-09-25,2477.0,
LUPIN,Lupin Ltd.,PHARMA,ok,2016-06-01,2026-09-25,2555.0,
M&M,Mahindra & Mahindra Ltd.,AUTOMOBILE,ok,2016-06-01,2026-09-25,2555.0,
M&MFIN,Mahindra & Mahindra Financial Services Ltd.,FINANCIAL SERVICES,ok,2016-06-01,2026-09-25,2555.0,rights issue 1:1 at Rs 50 (theoretical ex-rights price)
MAHABANK,Bank of Maharashtra.,FINANCIAL SERVICES,ok,2016-06-01,2026-09-25,2555.0,
MANAPPURAM,Manappuram Finance Ltd.,FINANCIAL SERVICES,ok,2016-06-01,2026-09-25,2555.0,
MANKIND,Mankind Pharma Ltd.,PHARMA,ok,2023-05-09,2026-09-25,842.0,
MAPMYINDIA,C.E. Info Systems Ltd. (MapmyIndia),IT,ok,2021-12-21,2026-09-25,1182.0,
MARICO,Marico Ltd.,CONSUMER GOODS,ok,2016-06-01,2026-09-25,2555.0,
MARUTI,Maruti Suzuki India Ltd.,AUTOMOBILE,ok,2016-06-01,2026-09-25,2555.0,
MAXHEALTH,Max Healthcare Institute Ltd.,HEALTHCARE SERVICES,ok,2020-08-21,2026-09-25,1512.0,
MAZDOCK,Mazagon Dock Shipbuilders Ltd.,INDUSTRIAL MANUFACTURING,ok,2020-10-12,2026-09-25,1477.0,
MCX,Multi Commodity Exchange of India Ltd.,FINANCIAL SERVICES,ok,2016-06-01,2026-09-25,2555.0,
MEDANTA,Global Health Ltd. (Medanta),HEALTHCARE SERVICES,ok,2022-11-16,2026-09-25,959.0,
MEESHO,Meesho Ltd.,SERVICES,ok,2025-12-10,2026-09-25,197.0,
MFSL,Max Financial Services Ltd.,FINANCIAL SERVICES,ok,2016-06-01,2026-09-25,2555.0,
MGL,Mahanagar Gas Ltd.,ENERGY,ok,2016-07-01,2026-09-25,2533.0,
MINDACORP,Minda Corporation Ltd.,AUTOMOBILE,ok,2016-06-01,2026-09-25,2555.0,
MMTC,MMTC Ltd.,SERVICES,ok,2016-06-01,2026-09-25,2555.0,
MOTHERSON,Samvardhana Motherson International Ltd.,AUTOMOBILE,ok,2016-06-01,2026-09-25,2555.0,demerger (Motherson Sumi Wiring)
MOTILALOFS,Motilal Oswal Financial Services Ltd.,FINANCIAL SERVICES,ok,2016-06-01,2026-09-25,2555.0,
MPHASIS,MphasiS Ltd.,IT,ok,2016-06-01,2026-09-25,2555.0,
MRF,MRF Ltd.,AUTOMOBILE,ok,2016-06-01,2026-09-25,2555.0,
MRPL,Mangalore Refinery & Petrochemicals Ltd.,ENERGY,ok,2016-06-01,2026-09-25,2555.0,
MSUMI,Motherson Sumi Wiring India Ltd.,AUTOMOBILE,ok,2022-03-28,2026-09-25,1116.0,
MUTHOOTFIN,Muthoot Finance Ltd.,FINANCIAL SERVICES,ok,2016-06-01,2026-09-25,2555.0,
NAM-INDIA,Nippon Life India Asset Management Ltd.,FINANCIAL SERVICES,ok,2017-11-06,2026-09-25,2200.0,
NATCOPHARM,NATCO Pharma Ltd.,PHARMA,ok,2016-06-01,2026-09-25,2555.0,
NATIONALUM,National Aluminium Co. Ltd.,METALS,ok,2016-06-01,2026-09-25,2555.0,
NAUKRI,Info Edge (India) Ltd.,IT,ok,2016-06-01,2026-09-25,2555.0,
NAVA,Nava Ltd.,ENERGY,ok,2016-06-01,2026-09-25,2555.0,
NAVINFLUOR,Navin Fluorine International Ltd.,CHEMICALS,ok,2016-06-01,2026-09-25,2555.0,
NBCC,NBCC (India) Ltd.,CONSTRUCTION,ok,2016-06-01,2026-09-25,2555.0,
NCC,NCC Ltd.,CONSTRUCTION,ok,2016-06-01,2026-09-25,2555.0,
NESTLEIND,Nestle India Ltd.,CONSUMER GOODS,ok,2016-06-01,2026-09-25,2555.0,
NETWEB,Netweb Technologies India Ltd.,IT,ok,2023-07-27,2026-09-25,786.0,
NEULANDLAB,Neuland Laboratories Ltd.,PHARMA,ok,2016-06-01,2026-09-25,2555.0,
NEWGEN,Newgen Software Technologies Ltd.,IT,ok,2018-01-29,2026-09-25,2142.0,
NH,Narayana Hrudayalaya Ltd.,HEALTHCARE SERVICES,ok,2016-06-01,2026-09-25,2555.0,
NHPC,NHPC Ltd.,ENERGY,ok,2016-06-01,2026-09-25,2555.0,
NIACL,The New India Assurance Company Ltd.,FINANCIAL SERVICES,ok,2017-11-13,2026-09-25,2195.0,
NIVABUPA,Niva Bupa Health Insurance Company Ltd.,FINANCIAL SERVICES,ok,2024-11-14,2026-09-25,462.0,
NLCINDIA,NLC India Ltd.,ENERGY,ok,2016-06-01,2026-09-25,2555.0,
NMDC,NMDC Ltd.,METALS,ok,2016-06-01,2026-09-25,2555.0,demerger (NMDC Steel)
NSLNISP,NMDC Steel Ltd.,METALS,ok,2023-02-20,2026-09-25,892.0,
NTPC,NTPC Ltd.,ENERGY,ok,2016-06-01,2026-09-25,2555.0,
NTPCGREEN,NTPC Green Energy Ltd.,ENERGY,ok,2024-11-27,2026-09-25,455.0,
NUVAMA,Nuvama Wealth Management Ltd.,FINANCIAL SERVICES,ok,2023-09-26,2026-09-25,745.0,
NUVOCO,Nuvoco Vistas Corp. Ltd.,CEMENT & CEMENT PRODUCTS,ok,2021-08-23,2026-09-25,1264.0,
NYKAA,FSN E-Commerce Ventures Ltd. (Nykaa),SERVICES,ok,2021-11-10,2026-09-25,1210.0,
OBEROIRLTY,Oberoi Realty Ltd.,CONSTRUCTION,ok,2016-06-01,2026-09-25,2555.0,
OFSS,Oracle Financial Services Software Ltd.,IT,ok,2016-06-01,2026-09-25,2555.0,
OIL,Oil India Ltd.,ENERGY,ok,2016-06-01,2026-09-25,2555.0,
OLAELEC,Ola Electric Mobility Ltd.,AUTOMOBILE,ok,2024-08-09,2026-09-25,529.0,
OLECTRA,Olectra Greentech Ltd.,AUTOMOBILE,ok,2016-06-01,2026-09-25,2555.0,
ONESOURCE,OneSource Specialty Pharma Ltd.,PHARMA,ok,2025-01-24,2026-09-25,414.0,
ONGC,Oil & Natural Gas Corporation Ltd.,ENERGY,ok,2016-06-01,2026-09-25,2555.0,
PAGEIND,Page Industries Ltd.,TEXTILES,ok,2016-06-01,2026-09-25,2555.0,
PARADEEP,Paradeep Phosphates Ltd.,FERTILISERS & PESTICIDES,ok,2022-05-27,2026-09-25,1076.0,
PATANJALI,Patanjali Foods Ltd.,CONSUMER GOODS,ok,2020-01-27,2026-09-25,1653.0,
PAYTM,One 97 Communications Ltd. (Paytm),FINANCIAL SERVICES,ok,2021-11-18,2026-09-25,1204.0,
PCBL,PCBL Chemical Ltd.,CHEMICALS,ok,2016-06-01,2026-09-25,2555.0,
PERSISTENT,Persistent Systems Ltd.,IT,ok,2016-06-01,2026-09-25,2555.0,
PETRONET,Petronet LNG Ltd.,ENERGY,ok,2016-06-01,2026-09-25,2555.0,
PFC,Power Finance Corporation Ltd.,FINANCIAL SERVICES,ok,2016-06-01,2026-09-25,2555.0,
PFIZER,Pfizer Ltd.,PHARMA,ok,2016-06-01,2026-09-25,2555.0,
PFOCUS,Prime Focus Ltd.,MEDIA & ENTERTAINMENT,ok,2016-06-01,2026-09-25,2555.0,
PGEL,PG Electroplast Ltd.,CONSUMER GOODS,ok,2016-06-01,2026-09-25,2555.0,
PHOENIXLTD,Phoenix Mills Ltd.,CONSTRUCTION,ok,2016-06-01,2026-09-25,2555.0,
PIDILITIND,Pidilite Industries Ltd.,CHEMICALS,ok,2016-06-01,2026-09-25,2555.0,
PIIND,PI Industries Ltd.,FERTILISERS & PESTICIDES,ok,2016-06-01,2026-09-25,2555.0,
PINELABS,Pine Labs Ltd.,FINANCIAL SERVICES,ok,2025-11-14,2026-09-25,215.0,
PIRAMALFIN,Piramal Finance Ltd.,FINANCIAL SERVICES,ok,2025-11-07,2026-09-25,220.0,
PNB,Punjab National Bank,FINANCIAL SERVICES,ok,2016-06-01,2026-09-25,2555.0,
PNBHOUSING,PNB Housing Finance Ltd.,FINANCIAL SERVICES,ok,2016-11-07,2026-09-25,2448.0,
POLICYBZR,PB Fintech Ltd. (Policybazaar),FINANCIAL SERVICES,ok,2021-11-15,2026-09-25,1207.0,
POLYCAB,Polycab India Ltd.,INDUSTRIAL MANUFACTURING,ok,2019-04-16,2026-09-25,1842.0,
POLYMED,Poly Medicure Ltd.,HEALTHCARE SERVICES,ok,2016-06-01,2026-09-25,2555.0,
POONAWALLA,Poonawalla Fincorp Ltd.,FINANCIAL SERVICES,ok,2016-06-01,2026-09-25,2555.0,
POWERGRID,Power Grid Corporation of India Ltd.,ENERGY,ok,2016-06-01,2026-09-25,2555.0,
POWERINDIA,Hitachi Energy India Ltd.,INDUSTRIAL MANUFACTURING,ok,2020-03-30,2026-09-25,1610.0,
PPLPHARMA,Piramal Pharma Ltd.,PHARMA,ok,2022-10-19,2026-09-25,977.0,
PREMIERENE,Premier Energies Ltd.,ENERGY,ok,2024-09-03,2026-09-25,513.0,
PRESTIGE,Prestige Estates Projects Ltd.,CONSTRUCTION,ok,2016-06-01,2026-09-25,2555.0,
PTCIL,PTC Industries Ltd.,INDUSTRIAL MANUFACTURING,ok,2023-06-09,2026-09-25,819.0,
PVRINOX,PVR INOX Ltd.,MEDIA & ENTERTAINMENT,ok,2016-06-01,2026-09-25,2555.0,
PWL,PhysicsWallah Ltd.,SERVICES,ok,2025-11-18,2026-09-25,213.0,
RADICO,Radico Khaitan Ltd,CONSUMER GOODS,ok,2016-06-01,2026-09-25,2555.0,
RAILTEL,RailTel Corporation of India Ltd.,TELECOM,ok,2021-02-26,2026-09-25,1382.0,
RAINBOW,Rainbow Children's Medicare Ltd.,HEALTHCARE SERVICES,ok,2022-05-10,2026-09-25,1088.0,
RAMCOCEM,The Ramco Cements Ltd.,CEMENT & CEMENT PRODUCTS,ok,2016-06-01,2026-09-25,2555.0,
RBLBANK,RBL Bank Ltd.,FINANCIAL SERVICES,ok,2016-08-31,2026-09-25,2492.0,
RECLTD,REC Ltd.,FINANCIAL SERVICES,ok,2016-06-01,2026-09-25,2555.0,
REDINGTON,Redington (India) Ltd.,SERVICES,ok,2016-06-01,2026-09-25,2555.0,
RELIANCE,Reliance Industries Ltd.,ENERGY,ok,2016-06-01,2026-09-25,2555.0,demerger (Jio Financial Services)
RHIM,RHI Magnesita India Ltd.,INDUSTRIAL MANUFACTURING,ok,2016-06-01,2026-09-25,2555.0,
RITES,RITES Ltd.,CONSTRUCTION,ok,2018-07-02,2026-09-25,2037.0,
RKFORGE,Ramkrishna Forgings Ltd.,AUTOMOBILE,ok,2016-06-01,2026-09-25,2555.0,
RPOWER,Reliance Power Ltd.,ENERGY,ok,2016-06-01,2026-09-25,2555.0,
RRKABEL,RR Kabel Ltd.,INDUSTRIAL MANUFACTURING,ok,2023-09-20,2026-09-25,749.0,
RVNL,Rail Vikas Nigam Ltd.,CONSTRUCTION,ok,2019-04-11,2026-09-25,1845.0,
SAGILITY,Sagility India Ltd.,IT,ok,2024-11-12,2026-09-25,464.0,
SAIL,Steel Authority of India Ltd.,METALS,ok,2016-06-01,2026-09-25,2555.0,
SAILIFE,Sai Life Sciences Ltd.,PHARMA,ok,2024-12-18,2026-09-25,440.0,
SAMMAANCAP,Sammaan Capital Ltd.,FINANCIAL SERVICES,ok,2016-06-01,2026-09-25,2555.0,
SAPPHIRE,Sapphire Foods India Ltd.,CONSUMER GOODS,ok,2021-11-18,2026-09-25,1204.0,
SARDAEN,Sarda Energy & Minerals Ltd.,METALS,ok,2016-06-01,2026-09-25,2555.0,
SAREGAMA,Saregama India Ltd.,MEDIA & ENTERTAINMENT,ok,2016-06-01,2026-09-25,2555.0,
SBFC,SBFC Finance Ltd.,FINANCIAL SERVICES,ok,2023-08-16,2026-09-25,773.0,
SBICARD,SBI Cards and Payment Services Ltd.,FINANCIAL SERVICES,ok,2020-03-16,2026-09-25,1620.0,
SBILIFE,SBI Life Insurance Company Ltd.,FINANCIAL SERVICES,ok,2017-10-03,2026-09-25,2223.0,
SBIN,State Bank of India,FINANCIAL SERVICES,ok,2016-06-01,2026-09-25,2555.0,
SCHAEFFLER,Schaeffler India Ltd.,INDUSTRIAL MANUFACTURING,ok,2016-06-01,2026-09-25,2555.0,
SCHNEIDER,Schneider Electric Infrastructure Ltd.,INDUSTRIAL MANUFACTURING,ok,2016-06-01,2026-09-25,2555.0,
SCI,Shipping Corporation of India Ltd.,SERVICES,ok,2016-06-01,2026-09-25,2555.0,demerger (SCI Land & Assets)
SHREECEM,Shree Cement Ltd.,CEMENT & CEMENT PRODUCTS,ok,2016-06-01,2026-09-25,2555.0,
SHRIRAMFIN,Shriram Finance Ltd.,FINANCIAL SERVICES,ok,2016-06-01,2026-09-25,2555.0,
SHYAMMETL,Shyam Metalics and Energy Ltd.,METALS,ok,2021-06-24,2026-09-25,1304.0,
SIEMENS,Siemens Ltd.,INDUSTRIAL MANUFACTURING,ok,2016-06-01,2026-09-25,2555.0,demerger (Siemens Energy India)
SIGNATURE,Signatureglobal (India) Ltd.,CONSTRUCTION,ok,2023-09-27,2026-09-25,744.0,
SJVN,SJVN Ltd.,ENERGY,ok,2016-06-01,2026-09-25,2555.0,
SOBHA,Sobha Ltd.,CONSTRUCTION,ok,2016-06-01,2026-09-25,2555.0,
SOLARINDS,Solar Industries India Ltd.,CHEMICALS,ok,2016-06-01,2026-09-25,2555.0,
SONACOMS,Sona BLW Precision Forgings Ltd.,AUTOMOBILE,ok,2021-06-24,2026-09-25,1304.0,
SONATSOFTW,Sonata Software Ltd.,IT,ok,2016-06-01,2026-09-25,2555.0,
SPLPETRO,Supreme Petrochem Ltd.,CHEMICALS,ok,2022-05-24,2026-09-25,1079.0,
SRF,SRF Ltd.,TEXTILES,ok,2016-06-01,2026-09-25,2555.0,
STARHEALTH,Star Health and Allied Insurance Company Ltd.,FINANCIAL SERVICES,ok,2021-12-10,2026-09-25,1189.0,
SUMICHEM,Sumitomo Chemical India Ltd.,FERTILISERS & PESTICIDES,ok,2020-01-27,2026-09-25,1653.0,
SUNDARMFIN,Sundaram Finance Ltd.,FINANCIAL SERVICES,ok,2016-06-01,2026-09-25,2555.0,demerger (Sundaram Finance Holdings)
SUNPHARMA,Sun Pharmaceutical Industries Ltd.,PHARMA,ok,2016-06-01,2026-09-25,2555.0,
SUNTV,Sun TV Network Ltd.,MEDIA & ENTERTAINMENT,ok,2016-06-01,2026-09-25,2555.0,
SUPREMEIND,Supreme Industries Ltd.,INDUSTRIAL MANUFACTURING,ok,2016-06-01,2026-09-25,2555.0,
SUZLON,Suzlon Energy Ltd.,INDUSTRIAL MANUFACTURING,ok,2016-06-01,2026-09-25,2555.0,
SWANCORP,Swan Corp Ltd.,ENERGY,ok,2016-06-01,2026-09-25,2555.0,
SWIGGY,Swiggy Ltd.,SERVICES,ok,2024-11-13,2026-09-25,463.0,
SYNGENE,Syngene International Ltd.,PHARMA,ok,2016-06-01,2026-09-25,2555.0,
SYRMA,Syrma SGS Technology Ltd.,INDUSTRIAL MANUFACTURING,ok,2022-08-26,2026-09-25,1013.0,
TARIL,Transformers and Rectifiers (India) Ltd.,INDUSTRIAL MANUFACTURING,ok,2016-06-01,2026-09-25,2555.0,
TATACAP,Tata Capital Ltd.,FINANCIAL SERVICES,ok,2025-10-13,2026-09-25,237.0,
TATACHEM,Tata Chemicals Ltd.,CHEMICALS,ok,2016-06-01,2026-09-25,2555.0,demerger (consumer business to Tata Consumer)
TATACOMM,Tata Communications Ltd.,TELECOM,ok,2016-06-01,2026-09-25,2555.0,demerger of land (price discovery disrupted; factor from post-event level)
TATACONSUM,Tata Consumer Products Ltd.,CONSUMER GOODS,ok,2016-06-01,2026-09-25,2555.0,
TATAELXSI,Tata Elxsi Ltd.,IT,ok,2016-06-01,2026-09-25,2555.0,
TATAINVEST,Tata Investment Corporation Ltd.,FINANCIAL SERVICES,ok,2016-06-01,2026-09-25,2555.0,
TATAPOWER,Tata Power Co. Ltd.,ENERGY,ok,2016-06-01,2026-09-25,2555.0,
TATASTEEL,Tata Steel Ltd.,METALS,ok,2016-06-01,2026-09-25,2555.0,
TATATECH,Tata Technologies Ltd.,IT,ok,2023-11-30,2026-09-25,701.0,
TBOTEK,TBO Tek Ltd.,SERVICES,ok,2024-05-15,2026-09-25,589.0,
TCS,Tata Consultancy Services Ltd.,IT,ok,2016-06-01,2026-09-25,2555.0,
TECHM,Tech Mahindra Ltd.,IT,ok,2016-06-01,2026-09-25,2555.0,
TECHNOE,Techno Electric & Engineering Company Ltd.,CONSTRUCTION,ok,2018-12-04,2026-09-25,1934.0,
TEGA,Tega Industries Ltd.,INDUSTRIAL MANUFACTURING,ok,2021-12-13,2026-09-25,1188.0,
TEJASNET,Tejas Networks Ltd.,TELECOM,ok,2017-06-27,2026-09-25,2290.0,
TENNIND,Tenneco Clean Air India Ltd.,AUTOMOBILE,ok,2025-11-19,2026-09-25,212.0,
THELEELA,Schloss Bangalore Ltd. (The Leela),SERVICES,ok,2025-06-02,2026-09-25,329.0,
THERMAX,Thermax Ltd.,INDUSTRIAL MANUFACTURING,ok,2016-06-01,2026-09-25,2555.0,
TIINDIA,Tube Investments of India Ltd.,AUTOMOBILE,ok,2017-11-02,2026-09-25,2202.0,
TIMKEN,Timken India Ltd.,INDUSTRIAL MANUFACTURING,ok,2016-06-01,2026-09-25,2555.0,
TITAGARH,Titagarh Rail Systems Ltd.,INDUSTRIAL MANUFACTURING,ok,2016-06-01,2026-09-25,2555.0,
TITAN,Titan Company Ltd.,CONSUMER GOODS,ok,2016-06-01,2026-09-25,2555.0,
TMCV,Tata Motors Ltd. (commercial vehicles),AUTOMOBILE,ok,2025-11-12,2026-09-25,217.0,
TMPV,Tata Motors Passenger Vehicles Ltd.,AUTOMOBILE,ok,2016-06-01,2026-09-25,2555.0,demerger of CV business (TMCV)
TORNTPHARM,Torrent Pharmaceuticals Ltd.,PHARMA,ok,2016-06-01,2026-09-25,2555.0,
TORNTPOWER,Torrent Power Ltd.,ENERGY,ok,2016-06-01,2026-09-25,2555.0,
TRAVELFOOD,Travel Food Services Ltd.,SERVICES,ok,2025-07-14,2026-09-25,299.0,
TRENT,Trent Ltd.,CONSUMER GOODS,ok,2016-06-01,2026-09-25,2555.0,
TRIDENT,Trident Ltd.,TEXTILES,ok,2016-06-01,2026-09-25,2555.0,
TRITURBINE,Triveni Turbine Ltd.,INDUSTRIAL MANUFACTURING,ok,2016-06-01,2026-09-25,2555.0,
TTML,Tata Teleservices (Maharashtra) Ltd.,TELECOM,ok,2016-06-01,2026-09-25,2555.0,
TVSMOTOR,TVS Motor Company Ltd.,AUTOMOBILE,ok,2016-06-01,2026-09-25,2555.0,
UBL,United Breweries Ltd.,CONSUMER GOODS,ok,2016-06-01,2026-09-25,2555.0,
UCOBANK,UCO Bank,FINANCIAL SERVICES,ok,2016-06-01,2026-09-25,2555.0,
ULTRACEMCO,UltraTech Cement Ltd.,CEMENT & CEMENT PRODUCTS,ok,2016-06-01,2026-09-25,2555.0,
UNIONBANK,Union Bank of India,FINANCIAL SERVICES,ok,2016-06-01,2026-09-25,2555.0,
UNITDSPR,United Spirits Ltd.,CONSUMER GOODS,ok,2016-06-01,2026-09-25,2555.0,
UNOMINDA,UNO Minda Ltd.,AUTOMOBILE,ok,2016-06-01,2026-09-25,2555.0,
UPL,UPL Ltd.,FERTILISERS & PESTICIDES,ok,2016-06-01,2026-09-25,2555.0,
URBANCO,Urban Company Ltd.,SERVICES,ok,2025-09-17,2026-09-25,254.0,
USHAMART,Usha Martin Ltd.,METALS,ok,2016-06-01,2026-09-25,2555.0,
UTIAMC,UTI Asset Management Company Ltd.,FINANCIAL SERVICES,ok,2020-10-12,2026-09-25,1477.0,
VBL,Varun Beverages Ltd.,CONSUMER GOODS,ok,2016-11-08,2026-09-25,2447.0,
VEDL,Vedanta Ltd.,METALS,ok,2016-06-01,2026-09-25,2555.0,demerger (Vedanta group companies)
VIJAYA,Vijaya Diagnostic Centre Ltd.,HEALTHCARE SERVICES,ok,2021-09-14,2026-09-25,1249.0,
VMM,Vishal Mega Mart Ltd.,CONSUMER GOODS,ok,2024-12-18,2026-09-25,440.0,
VOLTAS,Voltas Ltd.,CONSUMER GOODS,ok,2016-06-01,2026-09-25,2555.0,
VTL,Vardhman Textiles Ltd.,TEXTILES,ok,2016-06-01,2026-09-25,2555.0,
WAAREEENER,Waaree Energies Ltd.,ENERGY,ok,2024-10-28,2026-09-25,475.0,
WELCORP,Welspun Corp Ltd.,METALS,ok,2016-06-01,2026-09-25,2555.0,
WELSPUNLIV,Welspun Living Ltd.,TEXTILES,ok,2016-06-01,2026-09-25,2555.0,
WHIRLPOOL,Whirlpool of India Ltd.,CONSUMER GOODS,ok,2016-06-01,2026-09-25,2555.0,
WIPRO,Wipro Ltd.,IT,ok,2016-06-01,2026-09-25,2555.0,
WOCKPHARMA,Wockhardt Ltd.,PHARMA,ok,2016-06-01,2026-09-25,2555.0,
YESBANK,Yes Bank Ltd.,FINANCIAL SERVICES,ok,2016-06-01,2026-09-25,2555.0,
ZEEL,Zee Entertainment Enterprises Ltd.,MEDIA & ENTERTAINMENT,ok,2016-06-01,2026-09-25,2555.0,
ZENSARTECH,Zensar Technolgies Ltd.,IT,ok,2016-06-01,2026-09-25,2555.0,
ZENTEC,Zen Technologies Ltd.,INDUSTRIAL MANUFACTURING,ok,2016-06-01,2026-09-25,2555.0,
ZFCVINDIA,ZF Commercial Vehicle Control Systems India Ltd.,AUTOMOBILE,ok,2016-06-01,2026-09-25,2555.0,
ZYDUSLIFE,Zydus Lifesciences Ltd.,PHARMA,ok,2016-06-01,2026-09-25,2555.0,
ZYDUSWELL,Zydus Wellness Ltd.,CONSUMER GOODS,ok,2016-06-01,2026-09-25,2555.0,
